{"name":"aac0caa3-b639-477e-8ed9-1cb613a0104a","id":"/providers/Microsoft.Flow/flows/aac0caa3-b639-477e-8ed9-1cb613a0104a","type":"Microsoft.Flow/flows","properties":{"apiId":"/providers/Microsoft.PowerApps/apis/shared_logicflows","displayName":"Inactive Premium Power Automate Licenses","definition":{"metadata":{"workflowEntityId":null,"processAdvisorMetadata":null,"flowChargedByPaygo":null,"flowclientsuspensionreason":"BillingConsumption","flowclientsuspensionreasondetails":null,"flowclientsuspensiontime":"2024-10-22T19:22:54.7310836Z","creator":{"id":"7e3bd476-bf4e-4797-b438-785d4e664b50","type":"User","tenantId":"961b3f21-069f-4e15-90eb-e87cd53dedee"},"provisioningMethod":"FromDefinition","failureAlertSubscription":true,"clientLastModifiedTime":"2024-10-22T19:22:54.7310836Z","connectionKeySavedTimeKey":"2024-10-22T19:22:54.7310836Z"},"$schema":"https://schema.management.azure.com/providers/Microsoft.Logic/schemas/2016-06-01/workflowdefinition.json#","contentVersion":"1.0.0.0","parameters":{"$authentication":{"defaultValue":{},"type":"SecureObject"},"$connections":{"defaultValue":{},"type":"Object"}},"triggers":{"Recurrence":{"recurrence":{"frequency":"Day","interval":1,"startTime":"2024-09-30T09:00:00.000Z"},"metadata":{"operationMetadataId":"844116cc-7beb-4cde-b24d-f2986dee3890"},"type":"Recurrence"}},"actions":{"Get_Active_Power_Automate_Premium_Users":{"runAfter":{},"metadata":{"operationMetadataId":"0a08411b-d9c2-4969-89ca-8e87734bc8e7"},"type":"OpenApiConnection","inputs":{"parameters":{"request/method":"POST","request/url":"https://licensing.powerplatform.microsoft.com/v1.0/tenants/[TENANTID]/ManagedEnvironment/PowerAutomate/GetUslLicenseDetails","request/body":"{\n  \"isTenantLevel\": true,\n  \"pageNumber\": 0,\n  \"pageSize\": 100,\n  \"activeUsersOnly\": true,\n  \"startTime\": \"@{getPastTime(5, 'Week')}\",\n  \"endTime\": \"@{utcNow()}\",\n  \"continuationToken\": \"\",\n  \"licenseClassification\": \"Power Automate per user with attended RPA\"\n}"},"host":{"apiId":"/providers/Microsoft.PowerApps/apis/shared_webcontents","connectionName":"shared_webcontents_1","operationId":"InvokeHttp"},"authentication":"@parameters('$authentication')"}},"Initialize_ActiveUsers_Array":{"runAfter":{"Get_Active_Power_Automate_Premium_Users":["Succeeded"]},"metadata":{"operationMetadataId":"e0ab3908-3b22-4168-a99d-9bfb192c6364"},"type":"InitializeVariable","inputs":{"variables":[{"name":"ActiveUsers","type":"array"}]}},"Initialize_InactiveUsers_Array":{"runAfter":{"Initialize_ActiveUsers_Array":["Succeeded"]},"metadata":{"operationMetadataId":"d94a2940-7245-4823-be14-9b9167bbdd0a"},"type":"InitializeVariable","inputs":{"variables":[{"name":"InactiveUsers","type":"array"}]}},"Initialize_userId":{"runAfter":{"Initialize_InactiveUsers_Array":["Succeeded"]},"metadata":{"operationMetadataId":"72afc586-0f21-4539-83e2-c131bc93653f"},"type":"InitializeVariable","inputs":{"variables":[{"name":"userId","type":"string"}]}},"Parse_Active_Users_JSON":{"runAfter":{"Initialize_userId":["Succeeded"]},"metadata":{"operationMetadataId":"f6cb68bb-c333-4749-9e5f-51c11104b559"},"type":"ParseJson","inputs":{"content":"@body('Get_Active_Power_Automate_Premium_Users')","schema":{"type":"object","properties":{"records":{"type":"array","items":{"type":"object","properties":{"tenantId":{"type":"string"},"environmentId":{"type":"string"},"userId":{"type":"string"},"flowId":{"type":"string"},"flowType":{"type":"string"},"flowDisplayName":{"type":"string"},"licenseClassification":{"type":"string"},"servicePlanId":{"type":"string"},"servicePlanName":{"type":"string"},"skuId":{"type":"string"},"premiumFeatures":{"type":"string"},"hasPremiumFeatures":{"type":"integer"},"isPremiumFlow":{"type":"boolean"},"lastRunDate":{"type":"integer"},"modifiedDate":{"type":"integer"}},"required":["tenantId","environmentId","userId","flowId","flowType","flowDisplayName","licenseClassification","servicePlanId","servicePlanName","skuId","premiumFeatures","hasPremiumFeatures","isPremiumFlow","lastRunDate","modifiedDate"]}}}}}},"Apply_to_each_Active_User":{"foreach":"@body('Parse_Active_Users_JSON')?['records']","actions":{"If_ActiveUser_Array_contains_userId":{"actions":{},"runAfter":{"Set_userId":["Succeeded"]},"else":{"actions":{"Append_to_ActiveUsers_Array":{"metadata":{"operationMetadataId":"730b5438-7c78-4e99-ac05-9be7c80c9038"},"type":"AppendToArrayVariable","inputs":{"name":"ActiveUsers","value":"@variables('userId')"}}}},"expression":{"contains":["@variables('ActiveUsers')","@variables('userId')"]},"metadata":{"operationMetadataId":"6430df3e-2699-4beb-8f41-97ec2cf7f052"},"type":"If"},"Set_userId":{"metadata":{"operationMetadataId":"7f7b47c1-8bbd-41df-b5c6-9880693ad864"},"type":"SetVariable","inputs":{"name":"userId","value":"@items('Apply_to_each_Active_User')?['userId']"}}},"runAfter":{"Parse_Active_Users_JSON":["Succeeded"]},"metadata":{"operationMetadataId":"efe7cb6e-ff7b-4ff7-93d5-81d0451a04c4"},"type":"Foreach"},"Get_All_Power_Automate_Premium_Users":{"runAfter":{"Apply_to_each_Active_User":["Succeeded"]},"metadata":{"operationMetadataId":"49fdb990-788c-40e2-ba54-e93972fddeb0"},"type":"OpenApiConnection","inputs":{"parameters":{"request/method":"GET","request/url":"https://graph.microsoft.com/v1.0/users?$select=id,mail,assignedLicenses&$filter=assignedLicenses/any(u:u/skuId eq [LICENSE_SKU])&$count=true","request/headers":{"ConsistencyLevel":"eventual"}},"host":{"apiId":"/providers/Microsoft.PowerApps/apis/shared_webcontents","connectionName":"shared_webcontents_3","operationId":"InvokeHttp"},"authentication":"@parameters('$authentication')"}},"Parse_All_Users_JSON":{"runAfter":{"Get_All_Power_Automate_Premium_Users":["Succeeded"]},"metadata":{"operationMetadataId":"9daa2df3-1785-48be-a2cf-151793373973"},"type":"ParseJson","inputs":{"content":"@body('Get_All_Power_Automate_Premium_Users')","schema":{"type":"object","properties":{"@@odata.context":{"type":"string"},"@@odata.count":{"type":"integer"},"value":{"type":"array","items":{"type":"object","properties":{"id":{"type":"string"},"mail":{},"assignedLicenses":{"type":"array","items":{"type":"object","properties":{"disabledPlans":{"type":"array"},"skuId":{"type":"string"}},"required":["disabledPlans","skuId"]}}},"required":["id","mail","assignedLicenses"]}}}}}},"Apply_to_each_Premium_User":{"foreach":"@body('Parse_All_Users_JSON')?['value']","actions":{"Set_userId_2":{"metadata":{"operationMetadataId":"7f7b47c1-8bbd-41df-b5c6-9880693ad864"},"type":"SetVariable","inputs":{"name":"userId","value":"@items('Apply_to_each_Premium_User')?['id']"}},"If_ActiveUsers_contains_User":{"actions":{},"runAfter":{"Set_userId_2":["Succeeded"]},"else":{"actions":{"Append_to_InactiveUsers_Array":{"metadata":{"operationMetadataId":"a41a8907-87a1-4f51-9e5d-e892405128aa"},"type":"AppendToArrayVariable","inputs":{"name":"InactiveUsers","value":{"Email":"@items('Apply_to_each_Premium_User')?['mail']","UserID":"@items('Apply_to_each_Premium_User')?['id']"}}}}},"expression":{"contains":["@variables('ActiveUsers')","@variables('userId')"]},"metadata":{"operationMetadataId":"29d1ecf4-662e-4bc9-83ad-6a1237184e74"},"type":"If"}},"runAfter":{"Parse_All_Users_JSON":["Succeeded"]},"metadata":{"operationMetadataId":"b8910cae-a0a5-4916-92f3-8f6c2b2ea0d4"},"type":"Foreach"},"Create_Power_Automate_HTML_table":{"runAfter":{"Apply_to_each_Premium_User":["Succeeded"]},"metadata":{"operationMetadataId":"a68900c9-8e6c-4e28-8fea-9c2212f711c3"},"type":"Table","inputs":{"from":"@variables('InactiveUsers')","format":"HTML"}}},"description":""},"connectionReferences":{"shared_webcontents_1":{"connectionName":"0c5dd996c2434c23981c0d9932aa37a3","source":"Embedded","id":"/providers/Microsoft.PowerApps/apis/shared_webcontents","tier":"NotSpecified"},"shared_webcontents_3":{"connectionName":"9b8ba7836a3f41d7a411e5e6495b3194","source":"Embedded","id":"/providers/Microsoft.PowerApps/apis/shared_webcontents","tier":"NotSpecified"}},"flowFailureAlertSubscribed":false,"isManaged":false}}